{"loss": [0.851002037525177, 0.37990206480026245, 0.28323444724082947, 0.23965641856193542, 0.20741739869117737, 0.18157106637954712, 0.15710459649562836], "accuracy": [0.8247957825660706, 0.8994321823120117, 0.916102409362793, 0.9285822510719299, 0.938815176486969, 0.9483800530433655, 0.9571858048439026], "val_loss": [0.47630199790000916, 0.3267042338848114, 0.2984852194786072, 0.2928959131240845, 0.30234333872795105, 0.31327107548713684, 0.3194546401500702], "val_accuracy": [0.890426754951477, 0.8973471522331238, 0.8950403928756714, 0.8944636583328247, 0.8881199359893799, 0.8852364420890808, 0.8858131766319275]}