{"loss": [1.187971830368042, 0.6964187622070312, 0.47929537296295166, 0.3472834825515747, 0.2595978379249573, 0.201786071062088, 0.1613934189081192, 0.13370496034622192], "accuracy": [0.7719612717628479, 0.8930252194404602, 0.9139465093612671, 0.9266085624694824, 0.9389973878860474, 0.9453132152557373, 0.9522970914840698, 0.9587951302528381], "val_loss": [0.8238155841827393, 0.5855509638786316, 0.4769918620586395, 0.43459978699684143, 0.3931123614311218, 0.43889743089675903, 0.39970332384109497, 0.5020196437835693], "val_accuracy": [0.8829296231269836, 0.8950403928756714, 0.8898500800132751, 0.8892733454704285, 0.8858131766319275, 0.8840830326080322, 0.8737024068832397, 0.8708189129829407]}